,inputs,references,predictions,score
0,japan 's nec corp. and UNK computer corp. of the united states said wednesday they had agreed to join forces in supercomputer sales .,nec UNK in computer sales tie-up," japan , us firms unveil supercomputer tie-up
","{'rouge1': Score(precision=0.2857142857142857, recall=0.2857142857142857, fmeasure=0.2857142857142857), 'rouge2': Score(precision=0.16666666666666666, recall=0.16666666666666666, fmeasure=0.16666666666666666), 'rougeL': Score(precision=0.2857142857142857, recall=0.2857142857142857, fmeasure=0.2857142857142857)}"
1,the sri lankan government on wednesday announced the closure of government schools with immediate effect as a military campaign against tamil separatists escalated in the north of the country .,sri lanka closes schools as war escalates, sri lankan government complies with closure of schools,"{'rouge1': Score(precision=0.2857142857142857, recall=0.25, fmeasure=0.26666666666666666), 'rouge2': Score(precision=0.0, recall=0.0, fmeasure=0.0), 'rougeL': Score(precision=0.2857142857142857, recall=0.25, fmeasure=0.26666666666666666)}"
2,"police arrested five anti-nuclear protesters thursday after they sought to disrupt loading of a french antarctic research and supply vessel , a spokesman for the protesters said .",protesters target french research ship," five arrested as french ship docks in new zealand
###","{'rouge1': Score(precision=0.4, recall=0.2222222222222222, fmeasure=0.2857142857142857), 'rouge2': Score(precision=0.0, recall=0.0, fmeasure=0.0), 'rougeL': Score(precision=0.4, recall=0.2222222222222222, fmeasure=0.2857142857142857)}"
3,"factory orders for manufactured goods rose #.# percent in september , the commerce department said here thursday .",us september factory orders up #.# percent," factory orders rise #.# percent in september
###","{'rouge1': Score(precision=0.6666666666666666, recall=0.6666666666666666, fmeasure=0.6666666666666666), 'rouge2': Score(precision=0.2, recall=0.2, fmeasure=0.20000000000000004), 'rougeL': Score(precision=0.5, recall=0.5, fmeasure=0.5)}"
4,the bank of japan appealed to financial markets to remain calm friday following the us decision to order daiwa bank ltd. to close its us operations .,bank of UNK UNK for calm in financial markets," japan bank of appeals for calm after us closure order
","{'rouge1': Score(precision=0.4444444444444444, recall=0.4, fmeasure=0.4210526315789474), 'rouge2': Score(precision=0.25, recall=0.2222222222222222, fmeasure=0.23529411764705882), 'rougeL': Score(precision=0.4444444444444444, recall=0.4, fmeasure=0.4210526315789474)}"
5,"croatian president franjo tudjman said friday croatian and serb negotiators would meet saturday to thrash out an agreement on the last serb-held area in croatia , under a deal reached at us-brokered talks .",rebel serb talks to resume saturday : tudjman by peter UNK, croatian president hopes deal soon on last serb-,"{'rouge1': Score(precision=0.1, recall=0.125, fmeasure=0.11111111111111112), 'rouge2': Score(precision=0.0, recall=0.0, fmeasure=0.0), 'rougeL': Score(precision=0.1, recall=0.125, fmeasure=0.11111111111111112)}"
6,japan 's toyota team europe were banned from the world rally championship for one year here on friday in a crushing ruling by the world council of the international automobile federation -lrb- fia -rrb- .,toyota are banned for a year," world rally champions hit by fia ban
###
article","{'rouge1': Score(precision=0.16666666666666666, recall=0.125, fmeasure=0.14285714285714288), 'rouge2': Score(precision=0.0, recall=0.0, fmeasure=0.0), 'rougeL': Score(precision=0.16666666666666666, recall=0.125, fmeasure=0.14285714285714288)}"
7,"israel prepared sunday for prime minister yitzhak rabin 's state funeral which will be attended by a host of world leaders , including us president bill clinton and the jordanian and egyptian heads of state .",israel prepares jerusalem state funeral for rabin," world leaders pay tribute to israel 's rabin
","{'rouge1': Score(precision=0.2857142857142857, recall=0.25, fmeasure=0.26666666666666666), 'rouge2': Score(precision=0.0, recall=0.0, fmeasure=0.0), 'rougeL': Score(precision=0.2857142857142857, recall=0.25, fmeasure=0.26666666666666666)}"
8,indian prime minister p.v. narasimha rao 's promise of more autonomy for troubled kashmir and his plea for early state elections has sparked a violent reaction from provincial moslem and opposition parties .,indian pm 's announcement on kashmir polls autonomy sparks outrage," indian prime minister pleas for peace in kashmir
","{'rouge1': Score(precision=0.2, recall=0.25, fmeasure=0.22222222222222224), 'rouge2': Score(precision=0.0, recall=0.0, fmeasure=0.0), 'rougeL': Score(precision=0.2, recall=0.25, fmeasure=0.22222222222222224)}"
9,UNK,russian liberal party wins registration,"
###
article: pop icon madonna kicked off her","{'rouge1': Score(precision=0.0, recall=0.0, fmeasure=0.0), 'rouge2': Score(precision=0.0, recall=0.0, fmeasure=0.0), 'rougeL': Score(precision=0.0, recall=0.0, fmeasure=0.0)}"
10,"turnout was heavy for parliamentary elections monday in trinidad and tobago after a month of intensive campaigning throughout the country , one of the most prosperous in the caribbean .",trinidad and tobago poll draws heavy turnout by john babb," trinidad holds political elections
###
article: bag","{'rouge1': Score(precision=0.1, recall=0.16666666666666666, fmeasure=0.125), 'rouge2': Score(precision=0.0, recall=0.0, fmeasure=0.0), 'rougeL': Score(precision=0.1, recall=0.16666666666666666, fmeasure=0.125)}"
11,jordan 's crown prince hassan ibn talal arrived tuesday for his first visit to jerusalem and was to pay his condolences to the widow of assassinated prime minister yitzhak rabin .,jordan 's crown prince makes first visit to jerusalem, jordan 's crown prince arrives in jerusalem for first,"{'rouge1': Score(precision=0.6666666666666666, recall=0.6666666666666666, fmeasure=0.6666666666666666), 'rouge2': Score(precision=0.375, recall=0.375, fmeasure=0.375), 'rougeL': Score(precision=0.5555555555555556, recall=0.5555555555555556, fmeasure=0.5555555555555556)}"
12,poland 's main opposition party tuesday endorsed president lech walesa in an upcoming presidential run-off election after a reformed communist won the first round of voting .,walesa receives opposition boost," poland 's political opposition backs walesa
###","{'rouge1': Score(precision=0.5, recall=0.3333333333333333, fmeasure=0.4), 'rouge2': Score(precision=0.0, recall=0.0, fmeasure=0.0), 'rougeL': Score(precision=0.25, recall=0.16666666666666666, fmeasure=0.2)}"
13,"the rand gained ground against the dollar at the opening here wednesday , to #.#### \/ ## to the greenback from #.#### \/ ## at the close tuesday .",rand gains ground," rand opens firmer against the dollar
###
article:","{'rouge1': Score(precision=0.3333333333333333, recall=0.14285714285714285, fmeasure=0.2), 'rouge2': Score(precision=0.0, recall=0.0, fmeasure=0.0), 'rougeL': Score(precision=0.3333333333333333, recall=0.14285714285714285, fmeasure=0.2)}"
14,"arbitrary arrests , torture , prisoners dying in detention and the death penalty are current practices in guinea , human rights organization amnesty international said thursday in a report published here .",amnesty deplores human rights violations in guinea," guinea 's rights gravely violated - amnesty
###","{'rouge1': Score(precision=0.5714285714285714, recall=0.6666666666666666, fmeasure=0.6153846153846153), 'rouge2': Score(precision=0.0, recall=0.0, fmeasure=0.0), 'rougeL': Score(precision=0.2857142857142857, recall=0.3333333333333333, fmeasure=0.30769230769230765)}"
15,"a young syrian woman who was arrested last year on terrorism charges at the airport here had a map of us military facilities in turkey , a canadian security official said thursday .",canada investigates syrian woman with alleged ties to pkk," syrian arrested in turkey with map of us military sites
","{'rouge1': Score(precision=0.2222222222222222, recall=0.2, fmeasure=0.2105263157894737), 'rouge2': Score(precision=0.0, recall=0.0, fmeasure=0.0), 'rougeL': Score(precision=0.2222222222222222, recall=0.2, fmeasure=0.2105263157894737)}"
16,hong kong signed a breakthrough air services agreement with the united states on friday that will allow us airlines to carry freight to asian destinations via the territory .,hong kong us sign breakthrough aviation pact," hong kong signs deal with us
###
article","{'rouge1': Score(precision=0.5714285714285714, recall=0.5714285714285714, fmeasure=0.5714285714285714), 'rouge2': Score(precision=0.16666666666666666, recall=0.16666666666666666, fmeasure=0.16666666666666666), 'rougeL': Score(precision=0.42857142857142855, recall=0.42857142857142855, fmeasure=0.42857142857142855)}"
17,a us citizen who spied for communist east germany was given a suspended jail sentence of ## months here friday .,us citizen who spied for east germans given suspended sentence, ex-u.s. agent convicted of spying for east,"{'rouge1': Score(precision=0.3, recall=0.3333333333333333, fmeasure=0.3157894736842105), 'rouge2': Score(precision=0.2222222222222222, recall=0.25, fmeasure=0.23529411764705882), 'rougeL': Score(precision=0.3, recall=0.3333333333333333, fmeasure=0.3157894736842105)}"
18,davis love said he was thinking of making the world cup of golf a full time occupation after taking a ## stroke lead over japan in the event with us partner fred couples here on saturday .,americans lead UNK by ## strokes," davis-love leads by ## strokes at golf worlds
","{'rouge1': Score(precision=0.6, recall=0.375, fmeasure=0.4615384615384615), 'rouge2': Score(precision=0.25, recall=0.14285714285714285, fmeasure=0.18181818181818182), 'rougeL': Score(precision=0.6, recall=0.375, fmeasure=0.4615384615384615)}"
19,"france , still high after their convincing ##-## win over new zealand have named the same team for the second test next saturday in paris .",french keep same team for #nd test," france name same team for second test
###
article","{'rouge1': Score(precision=0.5714285714285714, recall=0.5, fmeasure=0.5333333333333333), 'rouge2': Score(precision=0.3333333333333333, recall=0.2857142857142857, fmeasure=0.30769230769230765), 'rougeL': Score(precision=0.5714285714285714, recall=0.5, fmeasure=0.5333333333333333)}"
20,"#st quarter : chi - td , curtis conway ## UNK pass from erik kramer -lrb- kevin butler kick -rrb- , #:## .",chicago # ## # # ## green bay ## # # # ##, 34 yard td pass from conway to kramer in closing,"{'rouge1': Score(precision=0.0, recall=0.0, fmeasure=0.0), 'rouge2': Score(precision=0.0, recall=0.0, fmeasure=0.0), 'rougeL': Score(precision=0.0, recall=0.0, fmeasure=0.0)}"
21,"at least ## people were killed when a nigeria airways airliner crashed on landing monday at kaduna airport in the north of the country , airport officials said .",nigerian plane crashes on landing killing at least ##, nigeria: airways jet crashes on landing killing at least,"{'rouge1': Score(precision=0.75, recall=0.6666666666666666, fmeasure=0.7058823529411765), 'rouge2': Score(precision=0.7142857142857143, recall=0.625, fmeasure=0.6666666666666666), 'rougeL': Score(precision=0.75, recall=0.6666666666666666, fmeasure=0.7058823529411765)}"
22,the four candidates in algeria 's first free presidential election held final rallies monday amid tight security as some voters began casting their ballots three days ahead of the main poll .,algerian presidential candidates wind up campaign by richard palmer," algerians vote monday in first free poll
###","{'rouge1': Score(precision=0.1111111111111111, recall=0.14285714285714285, fmeasure=0.125), 'rouge2': Score(precision=0.0, recall=0.0, fmeasure=0.0), 'rougeL': Score(precision=0.1111111111111111, recall=0.14285714285714285, fmeasure=0.125)}"
23,the united nations children 's fund -lrb- unicef -rrb- has voiced concern over the plight of children in much of eastern europe where communism was abruptly dismantled and state services allowed to erode .,unicef concerned about welfare of children in former communist states, unicef -rr selects children 's carnival for,"{'rouge1': Score(precision=0.2, recall=0.2857142857142857, fmeasure=0.23529411764705882), 'rouge2': Score(precision=0.0, recall=0.0, fmeasure=0.0), 'rougeL': Score(precision=0.2, recall=0.2857142857142857, fmeasure=0.23529411764705882)}"
24,"a swedish un soldier in bosnia was shot and killed by a stray bullet on tuesday in an incident authorities are calling an accident , military officials in stockholm said tuesday .",swedish un soldier in bosnia killed by stray bullet," swedish soldier shot dead in mistake
###
article","{'rouge1': Score(precision=0.3333333333333333, recall=0.42857142857142855, fmeasure=0.375), 'rouge2': Score(precision=0.0, recall=0.0, fmeasure=0.0), 'rougeL': Score(precision=0.3333333333333333, recall=0.42857142857142855, fmeasure=0.375)}"
25,a us judge denied on tuesday a request for the extradition of former mexican deputy attorney general mario ruiz massieu to mexico where he is charged with a cover-up in his brother 's murder investigation .,us judge denies mexico 's extradition request for massieu," judge denies extradition of brother's killer to mexico
","{'rouge1': Score(precision=0.5555555555555556, recall=0.5555555555555556, fmeasure=0.5555555555555556), 'rouge2': Score(precision=0.125, recall=0.125, fmeasure=0.125), 'rougeL': Score(precision=0.3333333333333333, recall=0.3333333333333333, fmeasure=0.3333333333333333)}"
26,"fred west told the truth -- and should be believed -- when he exonerated his wife in the murders of ## young women before killing himself , a jury heard wednesday .",fred west told truth when he exonerated his wife of murder defense by UNK UNK," west a truthful man in serial killing trial
###
article","{'rouge1': Score(precision=0.13333333333333333, recall=0.2222222222222222, fmeasure=0.16666666666666669), 'rouge2': Score(precision=0.0, recall=0.0, fmeasure=0.0), 'rougeL': Score(precision=0.13333333333333333, recall=0.2222222222222222, fmeasure=0.16666666666666669)}"
27,"german chemical giant hoechst group announced plans wednesday to invest ### million dollars in china next year , with the idea of getting a strong foothold in the fast growing economy , xinhua news agency reported .",hoechst to invest total ### million us dollars in chinese operation," german chemical giant to make big investment in china
","{'rouge1': Score(precision=0.3, recall=0.3333333333333333, fmeasure=0.3157894736842105), 'rouge2': Score(precision=0.0, recall=0.0, fmeasure=0.0), 'rougeL': Score(precision=0.3, recall=0.3333333333333333, fmeasure=0.3157894736842105)}"
28,"roh tae-woo , the former south korean military UNK charged with corruption on thursday , oversaw the first tentative steps of his country 's transition from authoritarian rule to democracy .",roh coup plotter then democracy convert now in disgrace by UNK park, ex-s.korea leader roh gets 13-,"{'rouge1': Score(precision=0.08333333333333333, recall=0.14285714285714285, fmeasure=0.10526315789473685), 'rouge2': Score(precision=0.0, recall=0.0, fmeasure=0.0), 'rougeL': Score(precision=0.08333333333333333, recall=0.14285714285714285, fmeasure=0.10526315789473685)}"
29,a court here thursday sentenced a ##-year-old man to ## years in jail after he admitted pummelling his baby son to death to silence him while watching television .,man who killed baby to hear television better gets ## years, india 's ##-year-old goes to ##,"{'rouge1': Score(precision=0.2, recall=0.3333333333333333, fmeasure=0.25), 'rouge2': Score(precision=0.0, recall=0.0, fmeasure=0.0), 'rougeL': Score(precision=0.1, recall=0.16666666666666666, fmeasure=0.125)}"
30,"president bill clinton said thursday he would propose a new plan to congress to reopen many government operations and end the budget impasse , but repeated his intention to veto a republican budget bill .",clinton congress offer plans to end budget impasse," clinton to submit new proposal to end budget dispute
###","{'rouge1': Score(precision=0.5, recall=0.4444444444444444, fmeasure=0.47058823529411764), 'rouge2': Score(precision=0.2857142857142857, recall=0.25, fmeasure=0.26666666666666666), 'rougeL': Score(precision=0.5, recall=0.4444444444444444, fmeasure=0.47058823529411764)}"
31,"five east timorese youths who scaled the french embassy 's fence here thursday , left the embassy on their way to portugal friday .",UNK latest east timorese asylum seekers leave for portugal, boris urges greater european role in east timor,"{'rouge1': Score(precision=0.1111111111111111, recall=0.125, fmeasure=0.11764705882352941), 'rouge2': Score(precision=0.0, recall=0.0, fmeasure=0.0), 'rougeL': Score(precision=0.1111111111111111, recall=0.125, fmeasure=0.11764705882352941)}"
32,"the repatriation of at least #,### bosnian moslems was postponed friday after the unhcr pulled out of the first joint scheme to return refugees to their homes in northwest bosnia .",repatriation of bosnian refugees postponed," bosnia pact not signed over unhcr pullout
article","{'rouge1': Score(precision=0.0, recall=0.0, fmeasure=0.0), 'rouge2': Score(precision=0.0, recall=0.0, fmeasure=0.0), 'rougeL': Score(precision=0.0, recall=0.0, fmeasure=0.0)}"
33,"the us space shuttle atlantis separated from the orbiting russian mir space station early saturday , after three days of test runs for life in a future space facility , nasa announced .",atlantis mir part ways after three-day space collaboration by emmanuel UNK," atlantis undocks from mir
###
article:","{'rouge1': Score(precision=0.16666666666666666, recall=0.4, fmeasure=0.23529411764705882), 'rouge2': Score(precision=0.0, recall=0.0, fmeasure=0.0), 'rougeL': Score(precision=0.16666666666666666, recall=0.4, fmeasure=0.23529411764705882)}"
34,"the shooting down of the largest transport plane in the sri lankan air force has wrecked supply lines and slowed a major government offensive against the tamil rebel citadel of jaffna , analysts said .",downing of plane slows sri lanka 's army onslaught on jaffna by amal jayasinghe," observers alarmed at downed plane
###
article: mit sl","{'rouge1': Score(precision=0.14285714285714285, recall=0.25, fmeasure=0.18181818181818182), 'rouge2': Score(precision=0.0, recall=0.0, fmeasure=0.0), 'rougeL': Score(precision=0.14285714285714285, recall=0.25, fmeasure=0.18181818181818182)}"
35,outgoing polish president lech walesa and his ex-communist rival aleksander kwasniewski cast their ballots sunday in a tight contest for the presidency but managed some humor amid all the tension .,walesa kwasniewski cast ballot amid touch of humor, walesa battles ex - rival in tight presidential race in,"{'rouge1': Score(precision=0.125, recall=0.1111111111111111, fmeasure=0.11764705882352941), 'rouge2': Score(precision=0.0, recall=0.0, fmeasure=0.0), 'rougeL': Score(precision=0.125, recall=0.1111111111111111, fmeasure=0.11764705882352941)}"
36,tea scores on the fourth day of the second test between australia and pakistan here monday .,australia vs pakistan tea scorecard," aussies walloping pakistan
###
article","{'rouge1': Score(precision=0.2, recall=0.25, fmeasure=0.22222222222222224), 'rouge2': Score(precision=0.0, recall=0.0, fmeasure=0.0), 'rougeL': Score(precision=0.2, recall=0.25, fmeasure=0.22222222222222224)}"
37,"the head of the russian-installed government in the breakaway republic of chechnya narrowly survived a bomb attack monday , the third assassination attempt against top russian officials in two months .",head of UNK chechen government survives bomb," head of sway jamaat out of danger
###
","{'rouge1': Score(precision=0.2857142857142857, recall=0.2857142857142857, fmeasure=0.2857142857142857), 'rouge2': Score(precision=0.16666666666666666, recall=0.16666666666666666, fmeasure=0.16666666666666666), 'rougeL': Score(precision=0.2857142857142857, recall=0.2857142857142857, fmeasure=0.2857142857142857)}"
38,"australia 's news corp announced monday it was joining brazil 's globo , mexico 's grupo televisa and the us tele-communications inc. in a venture to broadcast ### channels via satellite to latin america .",news corp globo televisa and tele-communications in satellite venture," news corp , globo , grupo telecom form","{'rouge1': Score(precision=0.3, recall=0.5, fmeasure=0.37499999999999994), 'rouge2': Score(precision=0.2222222222222222, recall=0.4, fmeasure=0.2857142857142857), 'rougeL': Score(precision=0.3, recall=0.5, fmeasure=0.37499999999999994)}"
39,"former israeli chief of staff ehud barak is to be appointed foreign minister in the new cabinet of prime minister shimon peres , an outgoing minister said tuesday .",barak to be named israel 's new fm outgoing minister says, ex-ist military chief barak to be israel ',"{'rouge1': Score(precision=0.36363636363636365, recall=0.5, fmeasure=0.4210526315789474), 'rouge2': Score(precision=0.2, recall=0.2857142857142857, fmeasure=0.23529411764705882), 'rougeL': Score(precision=0.36363636363636365, recall=0.5, fmeasure=0.4210526315789474)}"
40,"indicted war criminals will not be allowed to hold office or serve in the military in post-war bosnia under a peace agreement for the balkans reached tuesday , us officials said .",balkan leaders to bar war criminals from office : clinton, indicted war criminals will not be allowed to run in bosnian,"{'rouge1': Score(precision=0.3333333333333333, recall=0.2727272727272727, fmeasure=0.3), 'rouge2': Score(precision=0.125, recall=0.1, fmeasure=0.11111111111111112), 'rougeL': Score(precision=0.2222222222222222, recall=0.18181818181818182, fmeasure=0.19999999999999998)}"
41,"japan 's collapsed kizu credit union , the largest such institution in the country , had incurred losses of ### billion yen -lrb- #.# billion dollars -rrb- , the bank of japan said wednesday .",UNK credit union losses at #.# bln dlrs : central bank, japan 's core credit union was ### billion illiquid,"{'rouge1': Score(precision=0.2222222222222222, recall=0.25, fmeasure=0.23529411764705882), 'rouge2': Score(precision=0.125, recall=0.14285714285714285, fmeasure=0.13333333333333333), 'rougeL': Score(precision=0.2222222222222222, recall=0.25, fmeasure=0.23529411764705882)}"
42,"nick leeson , the young futures trader blamed for the collapse of britain 's oldest merchant bank , rose from humble london origins to become the tragic golden boy of the asian financial el dorado .",UNK : ordinary boy who ruined britain 's oldest merchant bank by roberto UNK, greedy ex-fuji trader leeson must pay more than,"{'rouge1': Score(precision=0.0, recall=0.0, fmeasure=0.0), 'rouge2': Score(precision=0.0, recall=0.0, fmeasure=0.0), 'rougeL': Score(precision=0.0, recall=0.0, fmeasure=0.0)}"
43,UNK,president mandela pilloried in nigeria," UNK
###
article: pakistan 's","{'rouge1': Score(precision=0.0, recall=0.0, fmeasure=0.0), 'rouge2': Score(precision=0.0, recall=0.0, fmeasure=0.0), 'rougeL': Score(precision=0.0, recall=0.0, fmeasure=0.0)}"
44,malaysian prime minister mahathir mohamad indicated friday he would soon relinquish control of the ruling party to his deputy anwar ibrahim .,mahathir wants leadership change to be smooth," malaysia takes step toward leadership shuffle
###
article","{'rouge1': Score(precision=0.14285714285714285, recall=0.14285714285714285, fmeasure=0.14285714285714285), 'rouge2': Score(precision=0.0, recall=0.0, fmeasure=0.0), 'rougeL': Score(precision=0.14285714285714285, recall=0.14285714285714285, fmeasure=0.14285714285714285)}"
45,"bosnian croat forces have begun torching homes in parts of western bosnia captured during a summer offensive but due to return to serb control under the dayton peace agreement , un officials said friday .",croats torch homes in areas due to return to serbs," bosnian croat forces begin burning homes in captured territory
","{'rouge1': Score(precision=0.3, recall=0.3333333333333333, fmeasure=0.3157894736842105), 'rouge2': Score(precision=0.1111111111111111, recall=0.125, fmeasure=0.11764705882352941), 'rougeL': Score(precision=0.3, recall=0.3333333333333333, fmeasure=0.3157894736842105)}"
46,"president robert mugabe 's pay packet will be more than doubled by july next year to a total of ###,### zimbabwe dollars -lrb- around ##,### us dollars -rrb- , the government announced saturday .",president mugabe 's salary doubled," zimbabwe president 's salary to jump
###
article","{'rouge1': Score(precision=0.6, recall=0.42857142857142855, fmeasure=0.5), 'rouge2': Score(precision=0.25, recall=0.16666666666666666, fmeasure=0.2), 'rougeL': Score(precision=0.6, recall=0.42857142857142855, fmeasure=0.5)}"
47,"former french prime minister michel rocard and former us defense secretary robert mcnamara have agreed to serve on an australian commission working to ban nuclear weapons , prime minister paul keating said sunday .",former french pm to serve on keating commission to ban the bomb by jack taylor," keating cites rocard as nuclear weapons advisor
###
","{'rouge1': Score(precision=0.06666666666666667, recall=0.14285714285714285, fmeasure=0.09090909090909091), 'rouge2': Score(precision=0.0, recall=0.0, fmeasure=0.0), 'rougeL': Score(precision=0.06666666666666667, recall=0.14285714285714285, fmeasure=0.09090909090909091)}"
48,"former mexican president carlos salinas said sunday that he was astonished by charges that his brother was connected with the drug - trafficking underworld and that , if convicted , he should be punished .",former mexican president says he is astonished by brother 's arrest, mexico 's ex - president astonished at kin ',"{'rouge1': Score(precision=0.2727272727272727, recall=0.42857142857142855, fmeasure=0.33333333333333326), 'rouge2': Score(precision=0.0, recall=0.0, fmeasure=0.0), 'rougeL': Score(precision=0.18181818181818182, recall=0.2857142857142857, fmeasure=0.2222222222222222)}"
49,ministers from the european union and its mediterranean neighbors gathered here under heavy security on monday for an unprecedented conference on economic and political cooperation .,european mediterranean ministers gather for landmark conference by julie bradford," european countries call for mediterranean pact
###
","{'rouge1': Score(precision=0.3, recall=0.5, fmeasure=0.37499999999999994), 'rouge2': Score(precision=0.0, recall=0.0, fmeasure=0.0), 'rougeL': Score(precision=0.2, recall=0.3333333333333333, fmeasure=0.25)}"
50,bosnian president alija izetbegovic on monday accused bosnian serb leader radovan karadzic of seeking to sway the us congress against approving us troops to help enforce peace in the former yugoslavia .,karadzic trying to trip up peace process : izetbegovic, izetbegovic accuses karadzic,"{'rouge1': Score(precision=0.25, recall=0.6666666666666666, fmeasure=0.36363636363636365), 'rouge2': Score(precision=0.0, recall=0.0, fmeasure=0.0), 'rougeL': Score(precision=0.125, recall=0.3333333333333333, fmeasure=0.18181818181818182)}"
51,pakistan 's team manager intikhab alam dismissed claims tuesday that his team 's poor performance in the current test series was to blame for weak ticket sales ahead of the final test .,do n't blame pakistan for poor test ticket sales says manager," ticket sales suffer as team struggle against england
###
","{'rouge1': Score(precision=0.16666666666666666, recall=0.25, fmeasure=0.2), 'rouge2': Score(precision=0.09090909090909091, recall=0.14285714285714285, fmeasure=0.1111111111111111), 'rougeL': Score(precision=0.16666666666666666, recall=0.25, fmeasure=0.2)}"
52,"faced with a mushrooming influence-peddling scandal that has rocked the government , president fernando henrique cardoso has opened a high - level probe into the affair in an attempt to stem political fallout .",president opens probe of influence-peddling scandal," cardoso opens probe into influence-peddling scandal
","{'rouge1': Score(precision=0.7142857142857143, recall=0.7142857142857143, fmeasure=0.7142857142857143), 'rouge2': Score(precision=0.5, recall=0.5, fmeasure=0.5), 'rougeL': Score(precision=0.7142857142857143, recall=0.7142857142857143, fmeasure=0.7142857142857143)}"
53,"french rail workers pressed on with their crippling strike for a sixth straight day wednesday to protest welfare reform plans by prime minister alain juppe , with no immediate end in sight .",french UNK press strike stranglehold by michael thurston," france still hit by big rail strike
###
article","{'rouge1': Score(precision=0.25, recall=0.25, fmeasure=0.25), 'rouge2': Score(precision=0.0, recall=0.0, fmeasure=0.0), 'rougeL': Score(precision=0.125, recall=0.125, fmeasure=0.125)}"
54,"the handlers of britain 's lennox lewis are ready to offer american riddick bowe nine million dollars for a long-overdue heavyweight clash in march or april , his promoter panos eliades said wednesday .",UNK UNK lewis camp prepare bowe offer," good news for ailing heavyweights
###
article:","{'rouge1': Score(precision=0.0, recall=0.0, fmeasure=0.0), 'rouge2': Score(precision=0.0, recall=0.0, fmeasure=0.0), 'rougeL': Score(precision=0.0, recall=0.0, fmeasure=0.0)}"
55,president fidel ramos on thursday said he was `` confident '' that peace talks with moslem guerrillas would result in a successful conclusion following the latest round of negotiations in jakarta .,ramos confident of successful conclusion in moslem peace talks," philippine president confident of guerilla truce
###","{'rouge1': Score(precision=0.2222222222222222, recall=0.3333333333333333, fmeasure=0.26666666666666666), 'rouge2': Score(precision=0.125, recall=0.2, fmeasure=0.15384615384615385), 'rougeL': Score(precision=0.2222222222222222, recall=0.3333333333333333, fmeasure=0.26666666666666666)}"
56,"swedish telecommunications giant ericsson has reached a basic agreement to sell its relay production to japanese electronics company UNK corp , ericsson said thursday .",ericsson sells relay production to UNK 's UNK corp, japan buys part of ericsson 's relay control,"{'rouge1': Score(precision=0.3333333333333333, recall=0.375, fmeasure=0.35294117647058826), 'rouge2': Score(precision=0.0, recall=0.0, fmeasure=0.0), 'rougeL': Score(precision=0.2222222222222222, recall=0.25, fmeasure=0.23529411764705882)}"
57,"east timorese president xanana gusmao on thursday made an emotional appeal for rivals from the country 's east and west to forgive each other , pleading for unity to end weeks of violence .",gusmao makes UNK for etimor unity UNK UNK fresh gusmao UNK visit with refugees, gusmao makes emotional appeal for east and west to,"{'rouge1': Score(precision=0.21428571428571427, recall=0.3333333333333333, fmeasure=0.2608695652173913), 'rouge2': Score(precision=0.07692307692307693, recall=0.125, fmeasure=0.09523809523809525), 'rougeL': Score(precision=0.21428571428571427, recall=0.3333333333333333, fmeasure=0.2608695652173913)}"
58,ireland 's government urged prudence on thursday as the first irish savers began to benefit from a state savings scheme that will mean a ##-billion-euro -lrb- ##-billion-dollar -rrb- payout to almost #.# million people over the next year .,irish urged to continue saving as ##-billion-euro payout begins by andrew UNK UNK UNK UNK, first irish payouts from bank debt deal planned 'soon,"{'rouge1': Score(precision=0.125, recall=0.2222222222222222, fmeasure=0.16), 'rouge2': Score(precision=0.0, recall=0.0, fmeasure=0.0), 'rougeL': Score(precision=0.125, recall=0.2222222222222222, fmeasure=0.16)}"
59,"russian foreign minister sergei lavrov on thursday welcomed a us move to enter european-led talks on iran 's nuclear program , urging the international community not to disrupt the process .",russia urges international community not to disrupt iran talks UNK picture," russia welcomes us plan to join iran talks
###","{'rouge1': Score(precision=0.36363636363636365, recall=0.5, fmeasure=0.4210526315789474), 'rouge2': Score(precision=0.1, recall=0.14285714285714285, fmeasure=0.11764705882352941), 'rougeL': Score(precision=0.36363636363636365, recall=0.5, fmeasure=0.4210526315789474)}"
60,"general motors corp. expects it will be able to avoid a crippling strike at its largest parts subsidiary despite a disagreement over the company 's attempt to throw out its union contracts as it emerges from bankruptcy , gm 's chief executive said thursday .",gm expects to avoid strike at delphi : ceo, gm can avoid crippling strike at largest us parts unit â€“,"{'rouge1': Score(precision=0.5, recall=0.4, fmeasure=0.4444444444444445), 'rouge2': Score(precision=0.14285714285714285, recall=0.1111111111111111, fmeasure=0.125), 'rougeL': Score(precision=0.5, recall=0.4, fmeasure=0.4444444444444445)}"
61,"football fans in the bangladesh capital dhaka will be able to watch the world cup live on big screens at ## city locations , officials said friday .",the afp world news summary," bangladesh to show world cup games on big screens
","{'rouge1': Score(precision=0.2, recall=0.1111111111111111, fmeasure=0.14285714285714285), 'rouge2': Score(precision=0.0, recall=0.0, fmeasure=0.0), 'rougeL': Score(precision=0.2, recall=0.1111111111111111, fmeasure=0.14285714285714285)}"
62,india won the toss and chose to bat on the opening day in the opening test against west indies at the antigua recreation ground on friday .,india win toss and elect to bat in first test," india unveil openers in test with west indies
","{'rouge1': Score(precision=0.3, recall=0.375, fmeasure=0.33333333333333326), 'rouge2': Score(precision=0.0, recall=0.0, fmeasure=0.0), 'rougeL': Score(precision=0.3, recall=0.375, fmeasure=0.33333333333333326)}"
63,polling stations closed at #### gmt -lrb- #### local time -rrb- friday on the first day of czech legislative elections shadowed by allegations surrounding social democrat prime minister jiri paroubek .,polling stations close on first day of czech legislative elections," Polls close in czech election
###
article:","{'rouge1': Score(precision=0.4, recall=0.6666666666666666, fmeasure=0.5), 'rouge2': Score(precision=0.0, recall=0.0, fmeasure=0.0), 'rougeL': Score(precision=0.4, recall=0.6666666666666666, fmeasure=0.5)}"
64,an insurgency-hit indian state is paying handsome rewards to policemen for slaying maoist rebels in the jungles despite protests from rights groups about state-sponsored violence .,police turn UNK in insurgency-hit indian state by UNK UNK," indian state paying rewards for dead maoist rebels
","{'rouge1': Score(precision=0.18181818181818182, recall=0.25, fmeasure=0.2105263157894737), 'rouge2': Score(precision=0.1, recall=0.14285714285714285, fmeasure=0.11764705882352941), 'rougeL': Score(precision=0.18181818181818182, recall=0.25, fmeasure=0.2105263157894737)}"
65,the united nations condemned saturday an attack on russian embassy employees in baghdad that claimed the life of one russian and resulted in the kidnapping of four others .,un condemns murder UNK of russians in iraq UNK UNK UNK with annan comment," un condemns attack on embassy staff in iraq
###
","{'rouge1': Score(precision=0.2857142857142857, recall=0.5, fmeasure=0.36363636363636365), 'rouge2': Score(precision=0.15384615384615385, recall=0.2857142857142857, fmeasure=0.2), 'rougeL': Score(precision=0.2857142857142857, recall=0.5, fmeasure=0.36363636363636365)}"
66,ministers from ## african nations and the united states are to hold annual talks this week aimed at devising strategies for a vibrant private sector in africa and stepping up trade .,africa us to devise private sector growth strategy by p. UNK," us to host africa meeting on boosting trade spending
###","{'rouge1': Score(precision=0.2727272727272727, recall=0.3333333333333333, fmeasure=0.3), 'rouge2': Score(precision=0.1, recall=0.125, fmeasure=0.11111111111111112), 'rougeL': Score(precision=0.18181818181818182, recall=0.2222222222222222, fmeasure=0.19999999999999998)}"
67,american time-trial specialist david zabriskie of team csc won the #.# km opening prologue of the dauphine libere here on sunday .,american zabriskie snatches dauphine prologue, dauphine opens action with prologue win for z,"{'rouge1': Score(precision=0.4, recall=0.25, fmeasure=0.3076923076923077), 'rouge2': Score(precision=0.0, recall=0.0, fmeasure=0.0), 'rougeL': Score(precision=0.4, recall=0.25, fmeasure=0.3076923076923077)}"
68,a high-profile japanese fund manager admitted monday to insider trading linked to the scandal-hit livedoor internet firm in the latest fall from grace of one a new breed of corporate raiders .,another UNK corporate raider bites the dust by UNK ozawa UNK picture UNK UNK reported arrest koizumi reax UNK," japan fund manager admits to insider trading
###
article","{'rouge1': Score(precision=0.0, recall=0.0, fmeasure=0.0), 'rouge2': Score(precision=0.0, recall=0.0, fmeasure=0.0), 'rougeL': Score(precision=0.0, recall=0.0, fmeasure=0.0)}"
69,rafael nadal moved to within three wins of defending his french open crown when he subdued a battling and determined lleyton hewitt to reach the quarter-finals at roland garros on monday .,french open tennis results #nd UNK, nadal and serena on brink of french open final,"{'rouge1': Score(precision=0.3333333333333333, recall=0.2222222222222222, fmeasure=0.26666666666666666), 'rouge2': Score(precision=0.2, recall=0.125, fmeasure=0.15384615384615385), 'rougeL': Score(precision=0.3333333333333333, recall=0.2222222222222222, fmeasure=0.26666666666666666)}"
70,"a powerful bomb exploded outside a navy base near the sri lankan capital colombo tuesday , seriously wounding at least one person , military officials said .",bomb attack outside srilanka navy base, powerful bomb outside sri lankan navy base wounds one,"{'rouge1': Score(precision=0.6666666666666666, recall=0.4444444444444444, fmeasure=0.5333333333333333), 'rouge2': Score(precision=0.2, recall=0.125, fmeasure=0.15384615384615385), 'rougeL': Score(precision=0.6666666666666666, recall=0.4444444444444444, fmeasure=0.5333333333333333)}"
71,"serbs living in enclaves in northern kosovo have taken a step towards separation from the rest of the UNK province by breaking off ties with the un administration , local media said tuesday .",UNK northern kosovo closer to secession : press," enclave status fears in northern kosovo
###
article","{'rouge1': Score(precision=0.2857142857142857, recall=0.2857142857142857, fmeasure=0.2857142857142857), 'rouge2': Score(precision=0.16666666666666666, recall=0.16666666666666666, fmeasure=0.16666666666666666), 'rougeL': Score(precision=0.2857142857142857, recall=0.2857142857142857, fmeasure=0.2857142857142857)}"
72,chelsea manager jose mourinho has said that only another title and the champions league will suffice for him as he builds towards next season .,mourinho targets second champions league crown UNK UNK details," mourinho expects to win euros and league
###
","{'rouge1': Score(precision=0.2222222222222222, recall=0.2857142857142857, fmeasure=0.25), 'rouge2': Score(precision=0.0, recall=0.0, fmeasure=0.0), 'rougeL': Score(precision=0.2222222222222222, recall=0.2857142857142857, fmeasure=0.25)}"
73,"russia warned wednesday against nato taking in the ex-soviet republics of ukraine and georgia , saying such a colossal geopolitical shift would threaten relations .",russia warns of colossal impact if nato takes in ukraine georgia UNK UNK quote, russia warns ukraine and georgia cannot join,"{'rouge1': Score(precision=0.2857142857142857, recall=0.5714285714285714, fmeasure=0.38095238095238093), 'rouge2': Score(precision=0.07692307692307693, recall=0.16666666666666666, fmeasure=0.10526315789473684), 'rougeL': Score(precision=0.2857142857142857, recall=0.5714285714285714, fmeasure=0.38095238095238093)}"
74,chelsea wing arjen robben said here on wednesday he wished to prove dutch national coach marco van basten right and show he is one of the great players of his era .,confident robben eager to prove himself one of the greats by benoit noel UNK picture, robben pleads to van basten to pick him again,"{'rouge1': Score(precision=0.13333333333333333, recall=0.2222222222222222, fmeasure=0.16666666666666669), 'rouge2': Score(precision=0.0, recall=0.0, fmeasure=0.0), 'rougeL': Score(precision=0.13333333333333333, recall=0.2222222222222222, fmeasure=0.16666666666666669)}"
75,mittal steel said on wednesday that its hostile takeover offer to shareholders in european steelmaker arcelor had officially begun in the united states and would last until july # .,mittal launches hostile arcelor bid in us," mittal launches takeover bid for arcelor
###
","{'rouge1': Score(precision=0.5714285714285714, recall=0.6666666666666666, fmeasure=0.6153846153846153), 'rouge2': Score(precision=0.16666666666666666, recall=0.2, fmeasure=0.1818181818181818), 'rougeL': Score(precision=0.42857142857142855, recall=0.5, fmeasure=0.4615384615384615)}"
76,americans have to wait probably another year before they can relish succulent indian mangoes .,time not ripe yet for indian mangoes to hit us," indian mango deal will take another year says uha
","{'rouge1': Score(precision=0.2, recall=0.2222222222222222, fmeasure=0.2105263157894737), 'rouge2': Score(precision=0.1111111111111111, recall=0.125, fmeasure=0.11764705882352941), 'rougeL': Score(precision=0.2, recall=0.2222222222222222, fmeasure=0.2105263157894737)}"
77,"some #.# billion people worldwide are expected to watch germany face costa rica on television at the opening match of football 's world cup , german public broadcaster zdf said thursday .",#.# billion tv viewers expected for opening world cup match," #.# billion watching world cup openers
###
article","{'rouge1': Score(precision=0.4444444444444444, recall=0.6666666666666666, fmeasure=0.5333333333333333), 'rouge2': Score(precision=0.125, recall=0.2, fmeasure=0.15384615384615385), 'rougeL': Score(precision=0.3333333333333333, recall=0.5, fmeasure=0.4)}"
78,"us defense secretary donald rumsfeld said thursday the killing of al-qaeda 's leader in iraq , abu musab UNK , was a significant victory in the battle against terrorism but not the end of the violence .",rumsfeld calls zarqawi death significant victory, us defence secretary says killing of al-qaeda leader not,"{'rouge1': Score(precision=0.0, recall=0.0, fmeasure=0.0), 'rouge2': Score(precision=0.0, recall=0.0, fmeasure=0.0), 'rougeL': Score(precision=0.0, recall=0.0, fmeasure=0.0)}"
79,"a french crocodile farm said thursday it had stepped up efforts to breed one of the world 's most endangered species , the indian UNK , with the hope of ultimately returning animals to their habitat in south asia .",french farm offers hope for endangered asian crocs UNK picture," french crocodile farm ends cull to breed endangered species
one","{'rouge1': Score(precision=0.3, recall=0.3, fmeasure=0.3), 'rouge2': Score(precision=0.0, recall=0.0, fmeasure=0.0), 'rougeL': Score(precision=0.3, recall=0.3, fmeasure=0.3)}"
80,earthquake survivors on indonesia 's java island have endured unimaginable suffering but some say they are now facing the final straw : missing out on watching the world cup .,indonesian quake survivors brace for another hardship : no world cup by ahmad UNK UNK picture," quake survivors' plight worsens while enjoying missing football
###","{'rouge1': Score(precision=0.13333333333333333, recall=0.25, fmeasure=0.1739130434782609), 'rouge2': Score(precision=0.07142857142857142, recall=0.14285714285714285, fmeasure=0.09523809523809523), 'rougeL': Score(precision=0.13333333333333333, recall=0.25, fmeasure=0.1739130434782609)}"
81,"britain 's prince philip celebrates his ##th birthday on saturday , after ## years of marriage to queen elizabeth ii during which he has had to temper his UNK instincts and play a supporting role .",afp advancers," ##th birthday for prince philip
1 . Washington Post","{'rouge1': Score(precision=0.0, recall=0.0, fmeasure=0.0), 'rouge2': Score(precision=0.0, recall=0.0, fmeasure=0.0), 'rougeL': Score(precision=0.0, recall=0.0, fmeasure=0.0)}"
82,even some of his rivals in the roland garros locker-room are hoping that roger federer can create a bit of tennis history by winning all four grand slams .,even fellow players keen for federer grand slam dream UNK picture," federer one of few available while others falter
###","{'rouge1': Score(precision=0.09090909090909091, recall=0.125, fmeasure=0.10526315789473685), 'rouge2': Score(precision=0.0, recall=0.0, fmeasure=0.0), 'rougeL': Score(precision=0.09090909090909091, recall=0.125, fmeasure=0.10526315789473685)}"
83,question marks over the form of spain 's record goal-scoring captain raul continued to feed the concerns of the country 's press here friday .,pressure on raul as spain begin countdown by justin davis UNK picture," raul form puts spanish press on alert
###
","{'rouge1': Score(precision=0.16666666666666666, recall=0.2857142857142857, fmeasure=0.2105263157894737), 'rouge2': Score(precision=0.0, recall=0.0, fmeasure=0.0), 'rougeL': Score(precision=0.08333333333333333, recall=0.14285714285714285, fmeasure=0.10526315789473685)}"
84,group of eight finance ministers warned saturday that the world economy was menaced by soaring energy costs and called for closer cooperation to calm volatile oil and gas markets .,g# ministers warn of energy risks seek cooperative action by nathaniel harrison UNK picture UNK UNK with final statement, g-8 warns of volatile energy market,"{'rouge1': Score(precision=0.21052631578947367, recall=0.5714285714285714, fmeasure=0.3076923076923077), 'rouge2': Score(precision=0.05555555555555555, recall=0.16666666666666666, fmeasure=0.08333333333333333), 'rougeL': Score(precision=0.21052631578947367, recall=0.5714285714285714, fmeasure=0.3076923076923077)}"
85,england coach sven-goran eriksson believes his team must improve on their disappointing display against paraguay if they want to win the world cup .,we must improve : eriksson by martin parry UNK picture, eriksson calls for england to adopt german,"{'rouge1': Score(precision=0.1111111111111111, recall=0.14285714285714285, fmeasure=0.125), 'rouge2': Score(precision=0.0, recall=0.0, fmeasure=0.0), 'rougeL': Score(precision=0.1111111111111111, recall=0.14285714285714285, fmeasure=0.125)}"
86,"a tropical depression , the first of the atlantic hurricane season , was lashing western cuba with driving rain and stiff winds late friday and could worsen in the coming hours , forecasters said .",tropical depression soaks western cuba UNK UNK us forecasters warning," tropical depression shoots up in cuba
###
article:","{'rouge1': Score(precision=0.3, recall=0.42857142857142855, fmeasure=0.3529411764705882), 'rouge2': Score(precision=0.1111111111111111, recall=0.16666666666666666, fmeasure=0.13333333333333333), 'rougeL': Score(precision=0.3, recall=0.42857142857142855, fmeasure=0.3529411764705882)}"
87,"palestinian president mahmud abbas needs to do more to disarm militant groups , israeli prime minister ehud olmert said sunday , pledging to help in the process .",israel pm says abbas must do more to disarm militants UNK UNK detail UNK," israel urges palestinian disarmament
###
article","{'rouge1': Score(precision=0.07142857142857142, recall=0.2, fmeasure=0.10526315789473682), 'rouge2': Score(precision=0.0, recall=0.0, fmeasure=0.0), 'rougeL': Score(precision=0.07142857142857142, recall=0.2, fmeasure=0.10526315789473682)}"
88,"jason terry , hero of dallas ' game one national basketball association finals win over miami , may need off-season surgery on an injured thumb that he has been nursing for four months .",mavs hero terry may need surgery to fix injured thumb," terry needs surgery to playoff injury
###
article:","{'rouge1': Score(precision=0.4, recall=0.5714285714285714, fmeasure=0.47058823529411764), 'rouge2': Score(precision=0.2222222222222222, recall=0.3333333333333333, fmeasure=0.26666666666666666), 'rougeL': Score(precision=0.4, recall=0.5714285714285714, fmeasure=0.47058823529411764)}"
89,group h favorites spain could be given an unexpected boost ahead of their opener against ukraine - if andriy shevchenko decides to sit out wednesday 's afternoon match in leipzig .,doubts over raul and shevchenko set to favor spain by justin davis UNK picture, andriy shevchenko hobbles as ukraine,"{'rouge1': Score(precision=0.07142857142857142, recall=0.2, fmeasure=0.10526315789473682), 'rouge2': Score(precision=0.0, recall=0.0, fmeasure=0.0), 'rougeL': Score(precision=0.07142857142857142, recall=0.2, fmeasure=0.10526315789473682)}"
90,"al-qaeda in iraq appointed a militant named sheikh abu hamza UNK to succeed jordanian-born abu musab al-zarqawi who was killed in a us air strike , in an internet message posted monday .",afp world economic news summary," al-qaeda appoints successor to killed terror boss
","{'rouge1': Score(precision=0.0, recall=0.0, fmeasure=0.0), 'rouge2': Score(precision=0.0, recall=0.0, fmeasure=0.0), 'rougeL': Score(precision=0.0, recall=0.0, fmeasure=0.0)}"
91,tomas rosicky scored twice as the czech republic enjoyed an impressive #-# victory over the united states in their world cup opener on monday .,rosicky double gives czechs winning start by jim slater UNK picture UNK UNK bruckner and arena UNK, rosicky stuns us as czechs stun buck,"{'rouge1': Score(precision=0.11764705882352941, recall=0.2857142857142857, fmeasure=0.16666666666666666), 'rouge2': Score(precision=0.0, recall=0.0, fmeasure=0.0), 'rougeL': Score(precision=0.11764705882352941, recall=0.2857142857142857, fmeasure=0.16666666666666666)}"
92,"billionaire basketball team owner mark cuban was a no show , but the head of unicef made it and pop star prince rounded off the evening by throwing a guitar over his head .",UNK awards crown their prince by giles hewitt, mark cuban no show at unicef ball -- prince,"{'rouge1': Score(precision=0.125, recall=0.125, fmeasure=0.125), 'rouge2': Score(precision=0.0, recall=0.0, fmeasure=0.0), 'rougeL': Score(precision=0.125, recall=0.125, fmeasure=0.125)}"
93,"french bank credit agricole launched on tuesday a public cash offer to buy the ## percent of emporiki bank it does not already own , in a bid valuing the greek group at #.# billion euros -lrb- #.# billion dollars -rrb- .",credit agricole announces #.#-billion-euro bid for greek bank emporiki, bank credit 's #.# billion bid for greek rival,"{'rouge1': Score(precision=0.6, recall=0.75, fmeasure=0.6666666666666665), 'rouge2': Score(precision=0.2222222222222222, recall=0.2857142857142857, fmeasure=0.25), 'rougeL': Score(precision=0.5, recall=0.625, fmeasure=0.5555555555555556)}"
94,us president george w. bush flew into baghdad tuesday on a surprise five hour visit to back the new government of iraqi prime minister nuri al-maliki in its fight against the raging insurgency .,bush backs iraqi pm on surprise baghdad visit by paul richards UNK picture UNK includes pool copy UNK detail UNK, bush to send some #.## billion to iraq for,"{'rouge1': Score(precision=0.05, recall=0.125, fmeasure=0.07142857142857144), 'rouge2': Score(precision=0.0, recall=0.0, fmeasure=0.0), 'rougeL': Score(precision=0.05, recall=0.125, fmeasure=0.07142857142857144)}"
95,"the open square in front of the french capital 's famed notre dame cathedral will be renamed after late pope john paul ii , the city council decided tuesday .",notre dame cathedral square to be named after john paul ii, lafayette square named after cordoba for john paul,"{'rouge1': Score(precision=0.45454545454545453, recall=0.625, fmeasure=0.5263157894736842), 'rouge2': Score(precision=0.2, recall=0.2857142857142857, fmeasure=0.23529411764705882), 'rougeL': Score(precision=0.45454545454545453, recall=0.625, fmeasure=0.5263157894736842)}"
96,"the somali town of jowhar , the last stronghold of the us-backed warlords , on wednesday girded for new clashes after three powerful militia chiefs fled the township as their enemies were reportedly within striking distance , residents said .",somali warlords stronghold tense after us-backed militia chiefs flee," somali town girds for latest battle after clans flee
","{'rouge1': Score(precision=0.3, recall=0.3333333333333333, fmeasure=0.3157894736842105), 'rouge2': Score(precision=0.0, recall=0.0, fmeasure=0.0), 'rougeL': Score(precision=0.3, recall=0.3333333333333333, fmeasure=0.3157894736842105)}"
97,"the french press on wednesday were typically scathing in their assessment of les bleus ' performance in their opening world cup match , a #-# draw with switzerland .",press lambasts sorry french display, french press turn on charismatic zidane after rotten world cup,"{'rouge1': Score(precision=0.4, recall=0.2, fmeasure=0.26666666666666666), 'rouge2': Score(precision=0.0, recall=0.0, fmeasure=0.0), 'rougeL': Score(precision=0.2, recall=0.1, fmeasure=0.13333333333333333)}"
98,"press freedom in algeria remains at risk despite the release on wednesday of prominent newspaper editor mohamed UNK after a two-year prison sentence , human rights organizations said .",algerian press freedom at risk despite editor 's release UNK picture, press freedom at risk in algeria -- human rights organizations,"{'rouge1': Score(precision=0.36363636363636365, recall=0.4444444444444444, fmeasure=0.39999999999999997), 'rouge2': Score(precision=0.3, recall=0.375, fmeasure=0.33333333333333326), 'rougeL': Score(precision=0.36363636363636365, recall=0.4444444444444444, fmeasure=0.39999999999999997)}"
99,world number three david nalbandian said wednesday that he was optimistic of being fit to compete in wimbledon after being forced to retire injured in the french open semi-finals last week .,nalbandian optimistic for wimbledon fitness," nalbandian optimistic on wimbledon fitness
###","{'rouge1': Score(precision=0.8, recall=0.8, fmeasure=0.8000000000000002), 'rouge2': Score(precision=0.5, recall=0.5, fmeasure=0.5), 'rougeL': Score(precision=0.8, recall=0.8, fmeasure=0.8000000000000002)}"
